,rank_1,rank_2,rank_3,rank_4,rank_5,rank_6,rank_7,rank_8,rank_9,rank_10,rank_11,rank_12,rank_13,rank_14,rank_15,rank_16,rank_17,rank_18,rank_19,rank_20,rank_21
0,MSC,Osteoblast-like,Proliferating-like,Chondroblast,Chondroprogenitor,Fibroblast-like,Adipocyte,CD4+T,Pericyte,Neutrophil,Alveolar epithelial,Fibroblast,Endothelial,Chondroblast-like,MDM,CD8+T/NK,Treg,Myoblast,Osteoclast,DC,B cell
1,MDM,MSC,Osteoblast-like,Proliferating-like,CD8+T/NK,Chondroprogenitor,Neutrophil,Fibroblast-like,Pericyte,Osteoclast,Adipocyte,Chondroblast,CD4+T,Myoblast,Chondroblast-like,DC,Endothelial,B cell,Alveolar epithelial,Treg,Fibroblast
2,MSC,Osteoblast-like,Proliferating-like,MDM,Fibroblast-like,Chondroprogenitor,Chondroblast,Neutrophil,Adipocyte,Pericyte,CD4+T,Alveolar epithelial,CD8+T/NK,Chondroblast-like,Osteoclast,Myoblast,Endothelial,Fibroblast,Treg,DC,B cell
3,MSC,Osteoblast-like,Proliferating-like,Chondroprogenitor,Chondroblast,Fibroblast-like,Pericyte,Adipocyte,CD4+T,Neutrophil,Alveolar epithelial,Fibroblast,MDM,Endothelial,Chondroblast-like,CD8+T/NK,Treg,Myoblast,Osteoclast,DC,B cell
4,MSC,Osteoblast-like,MDM,Chondroprogenitor,Proliferating-like,Adipocyte,Chondroblast,Neutrophil,CD4+T,Fibroblast-like,CD8+T/NK,Endothelial,Pericyte,Osteoclast,Alveolar epithelial,Chondroblast-like,Myoblast,Fibroblast,DC,Treg,B cell
5,MSC,Osteoblast-like,Chondroprogenitor,Adipocyte,MDM,Chondroblast,CD4+T,Proliferating-like,Neutrophil,CD8+T/NK,Osteoclast,Endothelial,Chondroblast-like,Alveolar epithelial,Pericyte,Fibroblast-like,Myoblast,DC,Fibroblast,B cell,Treg
6,MSC,Osteoblast-like,Adipocyte,Chondroprogenitor,Chondroblast,Proliferating-like,CD4+T,Alveolar epithelial,Endothelial,Neutrophil,Fibroblast-like,Fibroblast,Chondroblast-like,MDM,Pericyte,CD8+T/NK,Osteoclast,Myoblast,Treg,DC,B cell
7,MSC,Osteoblast-like,Proliferating-like,Fibroblast-like,Chondroprogenitor,MDM,Pericyte,Chondroblast,Neutrophil,Adipocyte,CD4+T,Alveolar epithelial,CD8+T/NK,Fibroblast,Myoblast,Chondroblast-like,Endothelial,Osteoclast,Treg,DC,B cell
8,MSC,Osteoblast-like,Proliferating-like,Chondroprogenitor,Chondroblast,Fibroblast-like,Adipocyte,Neutrophil,CD4+T,Pericyte,MDM,Alveolar epithelial,Fibroblast,Endothelial,Chondroblast-like,CD8+T/NK,Treg,Osteoclast,Myoblast,DC,B cell
9,MSC,Osteoblast-like,Proliferating-like,Chondroprogenitor,Chondroblast,Adipocyte,Fibroblast-like,CD4+T,Neutrophil,MDM,Pericyte,Alveolar epithelial,Fibroblast,Endothelial,CD8+T/NK,Chondroblast-like,Treg,Osteoclast,Myoblast,DC,B cell
10,MSC,Osteoblast-like,Chondroprogenitor,Proliferating-like,Adipocyte,MDM,Chondroblast,CD4+T,Neutrophil,Fibroblast-like,Pericyte,CD8+T/NK,Alveolar epithelial,Endothelial,Fibroblast,Chondroblast-like,Osteoclast,Treg,Myoblast,DC,B cell
11,MSC,Osteoblast-like,Chondroprogenitor,Adipocyte,Proliferating-like,Chondroblast,MDM,CD4+T,Neutrophil,Fibroblast-like,Alveolar epithelial,Pericyte,Endothelial,CD8+T/NK,Chondroblast-like,Fibroblast,Osteoclast,Myoblast,Treg,DC,B cell
12,MSC,Proliferating-like,Osteoblast-like,Fibroblast-like,Pericyte,MDM,Chondroblast,Chondroprogenitor,CD8+T/NK,Neutrophil,CD4+T,Alveolar epithelial,Treg,Adipocyte,Myoblast,Fibroblast,Osteoclast,Endothelial,Chondroblast-like,DC,B cell
13,MSC,Osteoblast-like,Proliferating-like,Fibroblast-like,Chondroprogenitor,Chondroblast,Pericyte,MDM,Adipocyte,Neutrophil,CD4+T,Alveolar epithelial,CD8+T/NK,Fibroblast,Endothelial,Chondroblast-like,Treg,Myoblast,Osteoclast,DC,B cell
14,MSC,Osteoblast-like,Chondroprogenitor,Chondroblast,Proliferating-like,Adipocyte,MDM,CD4+T,Neutrophil,Fibroblast-like,Pericyte,Alveolar epithelial,Endothelial,Fibroblast,CD8+T/NK,Chondroblast-like,Treg,Osteoclast,Myoblast,DC,B cell
15,MSC,Osteoblast-like,Proliferating-like,Chondroprogenitor,Chondroblast,MDM,Adipocyte,Fibroblast-like,Neutrophil,CD4+T,Pericyte,Alveolar epithelial,CD8+T/NK,Endothelial,Myoblast,Chondroblast-like,Fibroblast,Osteoclast,Treg,DC,B cell
16,MSC,Osteoblast-like,Proliferating-like,Chondroprogenitor,Fibroblast-like,Adipocyte,Chondroblast,Neutrophil,CD4+T,MDM,Pericyte,Alveolar epithelial,Fibroblast,Endothelial,Chondroblast-like,CD8+T/NK,Osteoclast,Treg,Myoblast,DC,B cell
17,MSC,Osteoblast-like,Proliferating-like,MDM,Chondroprogenitor,Chondroblast,Neutrophil,Adipocyte,CD4+T,Fibroblast-like,Pericyte,Alveolar epithelial,Endothelial,CD8+T/NK,Fibroblast,Chondroblast-like,Treg,Osteoclast,Myoblast,DC,B cell
18,MSC,Proliferating-like,Osteoblast-like,Fibroblast-like,Pericyte,Chondroprogenitor,MDM,Chondroblast,Neutrophil,Myoblast,CD8+T/NK,Alveolar epithelial,Adipocyte,Osteoclast,Chondroblast-like,CD4+T,Endothelial,Fibroblast,Treg,DC,B cell
19,MSC,Osteoblast-like,Chondroprogenitor,Proliferating-like,Adipocyte,MDM,Chondroblast,CD4+T,Neutrophil,Fibroblast-like,Pericyte,CD8+T/NK,Alveolar epithelial,Endothelial,Osteoclast,Chondroblast-like,Myoblast,Fibroblast,Treg,DC,B cell
20,MSC,Osteoblast-like,Proliferating-like,MDM,Chondroprogenitor,Fibroblast-like,Neutrophil,CD8+T/NK,Pericyte,Adipocyte,Chondroblast,Osteoclast,CD4+T,Chondroblast-like,Myoblast,DC,Alveolar epithelial,Endothelial,B cell,Fibroblast,Treg
21,MSC,Osteoblast-like,Proliferating-like,MDM,Chondroprogenitor,Fibroblast-like,Neutrophil,Chondroblast,CD8+T/NK,Adipocyte,CD4+T,Pericyte,Osteoclast,Myoblast,Chondroblast-like,Alveolar epithelial,DC,Endothelial,Treg,Fibroblast,B cell
22,MSC,Osteoblast-like,Proliferating-like,Fibroblast-like,Chondroblast,Chondroprogenitor,Neutrophil,Pericyte,MDM,CD4+T,Fibroblast,Alveolar epithelial,Adipocyte,CD8+T/NK,Chondroblast-like,Treg,Endothelial,DC,Myoblast,Osteoclast,B cell
23,MSC,Osteoblast-like,Proliferating-like,Chondroprogenitor,MDM,Chondroblast,Adipocyte,CD4+T,Neutrophil,Fibroblast-like,CD8+T/NK,Pericyte,Chondroblast-like,Alveolar epithelial,Endothelial,Osteoclast,Myoblast,Fibroblast,Treg,DC,B cell
24,MSC,Osteoblast-like,Adipocyte,Chondroprogenitor,Chondroblast,Proliferating-like,CD4+T,Pericyte,Fibroblast-like,Alveolar epithelial,Endothelial,Neutrophil,Fibroblast,Chondroblast-like,MDM,CD8+T/NK,Myoblast,Osteoclast,Treg,DC,B cell
25,MSC,Osteoblast-like,Adipocyte,Chondroprogenitor,MDM,Chondroblast,Osteoclast,CD4+T,Proliferating-like,Pericyte,Endothelial,Neutrophil,Alveolar epithelial,Fibroblast-like,Chondroblast-like,CD8+T/NK,Myoblast,Fibroblast,DC,Treg,B cell
26,MSC,Osteoblast-like,Proliferating-like,Chondroprogenitor,Adipocyte,Chondroblast,MDM,Fibroblast-like,Neutrophil,CD4+T,Pericyte,Alveolar epithelial,Endothelial,Fibroblast,Chondroblast-like,CD8+T/NK,Osteoclast,Treg,Myoblast,DC,B cell
27,Chondroprogenitor,Chondroblast,Adipocyte,MSC,CD4+T,Osteoblast-like,Endothelial,MDM,Neutrophil,Alveolar epithelial,CD8+T/NK,Chondroblast-like,DC,Proliferating-like,Fibroblast,Osteoclast,Myoblast,Treg,B cell,Fibroblast-like,Pericyte
28,MSC,Osteoblast-like,Chondroprogenitor,MDM,Proliferating-like,Adipocyte,Chondroblast,Neutrophil,CD4+T,CD8+T/NK,Fibroblast-like,Chondroblast-like,Endothelial,Pericyte,Alveolar epithelial,Osteoclast,Fibroblast,Myoblast,DC,Treg,B cell
29,MSC,Osteoblast-like,Proliferating-like,Chondroprogenitor,Chondroblast,Adipocyte,Fibroblast-like,MDM,Neutrophil,CD4+T,Pericyte,Alveolar epithelial,Endothelial,Fibroblast,CD8+T/NK,Chondroblast-like,Treg,Osteoclast,Myoblast,DC,B cell
30,MSC,Osteoblast-like,Proliferating-like,Fibroblast-like,Adipocyte,Chondroprogenitor,Pericyte,Chondroblast,MDM,Neutrophil,CD4+T,Alveolar epithelial,Fibroblast,Chondroblast-like,Endothelial,CD8+T/NK,Osteoclast,Treg,Myoblast,DC,B cell
31,Osteoblast-like,MSC,Alveolar epithelial,Fibroblast-like,Proliferating-like,Adipocyte,Endothelial,Chondroblast-like,Fibroblast,Pericyte,Myoblast,Neutrophil,Chondroblast,Chondroprogenitor,Osteoclast,CD4+T,DC,Treg,CD8+T/NK,MDM,B cell
32,MSC,Osteoblast-like,Chondroprogenitor,Proliferating-like,Adipocyte,MDM,Chondroblast,CD4+T,Neutrophil,Fibroblast-like,CD8+T/NK,Pericyte,Alveolar epithelial,Endothelial,Chondroblast-like,Fibroblast,Osteoclast,Treg,Myoblast,DC,B cell
33,MSC,Osteoblast-like,Adipocyte,Chondroprogenitor,Chondroblast,CD4+T,Proliferating-like,Pericyte,Alveolar epithelial,Fibroblast-like,Neutrophil,Endothelial,Fibroblast,MDM,Chondroblast-like,CD8+T/NK,Treg,Osteoclast,Myoblast,DC,B cell
34,MSC,Osteoblast-like,Proliferating-like,MDM,Adipocyte,Chondroprogenitor,Fibroblast-like,Chondroblast,Neutrophil,Pericyte,CD4+T,Alveolar epithelial,CD8+T/NK,Chondroblast-like,Endothelial,Fibroblast,Osteoclast,Treg,Myoblast,DC,B cell
35,Osteoclast,MDM,Osteoblast-like,Adipocyte,Neutrophil,MSC,Endothelial,B cell,CD8+T/NK,DC,CD4+T,Chondroblast-like,Alveolar epithelial,Chondroblast,Myoblast,Chondroprogenitor,Fibroblast,Treg,Fibroblast-like,Proliferating-like,Pericyte
36,MSC,Proliferating-like,Osteoblast-like,MDM,Fibroblast-like,Chondroprogenitor,Pericyte,Chondroblast,Neutrophil,Adipocyte,CD8+T/NK,CD4+T,Alveolar epithelial,Myoblast,Osteoclast,Chondroblast-like,Endothelial,Fibroblast,Treg,DC,B cell
37,MSC,Osteoblast-like,Proliferating-like,Chondroprogenitor,Chondroblast,Adipocyte,Neutrophil,MDM,CD4+T,Fibroblast-like,Pericyte,Alveolar epithelial,Fibroblast,CD8+T/NK,Endothelial,Chondroblast-like,Treg,Osteoclast,Myoblast,DC,B cell
38,MSC,Osteoblast-like,Proliferating-like,Chondroprogenitor,Adipocyte,MDM,Fibroblast-like,Chondroblast,Neutrophil,Pericyte,CD4+T,Alveolar epithelial,CD8+T/NK,Endothelial,Chondroblast-like,Fibroblast,Myoblast,Osteoclast,Treg,DC,B cell
39,MDM,MSC,Osteoblast-like,Proliferating-like,Pericyte,Osteoclast,Adipocyte,CD8+T/NK,Neutrophil,Chondroprogenitor,Myoblast,CD4+T,Fibroblast-like,Chondroblast,Endothelial,Alveolar epithelial,Treg,B cell,DC,Chondroblast-like,Fibroblast
40,MSC,Proliferating-like,Osteoblast-like,Chondroprogenitor,Chondroblast,Pericyte,Fibroblast-like,CD4+T,Neutrophil,MDM,Alveolar epithelial,CD8+T/NK,Myoblast,Fibroblast,Adipocyte,Endothelial,Treg,Osteoclast,Chondroblast-like,DC,B cell
41,Proliferating-like,MSC,Osteoblast-like,MDM,Fibroblast-like,CD8+T/NK,Chondroprogenitor,Chondroblast,Pericyte,Chondroblast-like,Neutrophil,Myoblast,Osteoclast,CD4+T,DC,Treg,Alveolar epithelial,Fibroblast,Endothelial,Adipocyte,B cell
42,Adipocyte,Osteoblast-like,Chondroblast-like,MSC,Osteoclast,Chondroprogenitor,MDM,Endothelial,Chondroblast,Neutrophil,CD8+T/NK,Myoblast,Fibroblast-like,CD4+T,Pericyte,Alveolar epithelial,Fibroblast,DC,B cell,Proliferating-like,Treg
43,MSC,Osteoblast-like,Proliferating-like,Chondroprogenitor,Chondroblast,Fibroblast-like,Pericyte,CD4+T,Adipocyte,Neutrophil,MDM,Alveolar epithelial,Fibroblast,CD8+T/NK,Endothelial,Treg,Chondroblast-like,Myoblast,Osteoclast,DC,B cell
44,MSC,Osteoblast-like,MDM,Proliferating-like,Fibroblast-like,Pericyte,Osteoclast,Neutrophil,CD8+T/NK,Chondroprogenitor,Adipocyte,Myoblast,Chondroblast,Chondroblast-like,CD4+T,DC,Alveolar epithelial,Endothelial,B cell,Treg,Fibroblast
45,MSC,Osteoblast-like,Adipocyte,MDM,Chondroprogenitor,Proliferating-like,Chondroblast,Osteoclast,Pericyte,Fibroblast-like,Neutrophil,Endothelial,CD4+T,Chondroblast-like,CD8+T/NK,Alveolar epithelial,Myoblast,DC,Fibroblast,Treg,B cell
46,MSC,Osteoblast-like,Proliferating-like,Chondroprogenitor,Chondroblast,Adipocyte,CD4+T,Fibroblast-like,Neutrophil,MDM,Pericyte,Alveolar epithelial,Fibroblast,Endothelial,CD8+T/NK,Chondroblast-like,Treg,Osteoclast,Myoblast,DC,B cell
47,MSC,Osteoblast-like,Proliferating-like,Chondroprogenitor,Adipocyte,Chondroblast,CD4+T,MDM,Fibroblast-like,Neutrophil,Pericyte,Alveolar epithelial,Endothelial,CD8+T/NK,Fibroblast,Chondroblast-like,Osteoclast,Myoblast,Treg,DC,B cell
48,MSC,Osteoblast-like,Proliferating-like,Adipocyte,Chondroprogenitor,MDM,Neutrophil,CD4+T,Chondroblast,Fibroblast-like,Pericyte,Alveolar epithelial,CD8+T/NK,Endothelial,Chondroblast-like,Fibroblast,Osteoclast,Myoblast,Treg,DC,B cell
49,MSC,Osteoblast-like,Proliferating-like,Chondroprogenitor,Fibroblast-like,Chondroblast,Adipocyte,Neutrophil,MDM,CD4+T,Pericyte,Alveolar epithelial,Fibroblast,Endothelial,Chondroblast-like,CD8+T/NK,Treg,Osteoclast,Myoblast,DC,B cell
